<?xml version="1.0" encoding="utf-8" ?>
<dwsync>
<file name="babillard.jpg" server="magadam.com" local="130160491238558292" remote="133757311200000000" />
<file name="soeurs.jpg" server="magadam.com" local="133277151326295314" remote="133757330400000000" />
<file name="fidel.jpg" server="magadam.com" local="130158887801789502" remote="133757325600000000" />
<file name="bandeau chat.jpg" server="magadam.com" local="132817202209423016" remote="133757311200000000" />
<file name="banniere_lajo.jpg" server="magadam.com" local="129560933205468750" remote="133768642200000000" />
<file name="proliferation.jpg" server="magadam.com" local="130158899275795778" remote="133757311200000000" />
<file name="cages.jpg" server="magadam.com" local="130161346665663613" remote="133757311200000000" />
<file name="CRS.jpg" server="magadam.com" local="130416300449974421" remote="133757311200000000" />
<file name="abri_6.jpg" server="magadam.com" local="130845612498978214" remote="133757325600000000" />
<file name="abri_7.jpg" server="magadam.com" local="130845612860618899" remote="133757325600000000" />
<file name="abri 384.jpg" server="magadam.com" local="130315308517138099" remote="133757325600000000" />
<file name="maison-chalifoux.jpg" server="magadam.com" local="130481328925569579" remote="133757325600000000" />
<file name="Elsa2.jpg" server="magadam.com" local="133761462950980683" remote="133761465000000000" />
<file name="Elsa.jpg" server="magadam.com" local="133761463204301149" remote="133761465000000000" />
<file name="Namibie.jpg" server="magadam.com" local="130439685771036904" remote="133768642200000000" />
<file name="Trullo.jpg" server="magadam.com" local="133763346596153955" remote="133768642200000000" />
<file name="Porto.jpg" server="magadam.com" local="132045604198721140" remote="133768642200000000" />
<file name="MachuPicchu.jpg" server="magadam.com" local="131869369977424028" remote="133768642200000000" />
<file name="Sukhothai.jpg" server="magadam.com" local="130093154222919960" remote="133768642200000000" />
<file name="Venetie.jpg" server="magadam.com" local="130176035465316763" remote="133768642200000000" />
<file name="chat-bandeau.jpg" server="magadam.com" local="130158872107181822" remote="133768570800000000" />
</dwsync>